{"cameraMode":{"drawMode":0,"name":"Shaded","section":"Shading Mode"},"sceneLighting":true,"audioPlay":false,"sceneViewState":{"showFog":false,"showMaterialUpdate":false,"showSkybox":false,"showFlares":false,"showImageEffects":false,"showParticleSystems":false},"in2DMode":false,"pivot":{"x":3.455482006072998,"y":1.3076701164245606,"z":-9.194793701171875},"rotation":{"x":0.2336786836385727,"y":0.2643498480319977,"z":-0.06618451327085495,"w":0.9333450794219971},"size":17.829547882080079,"orthographic":false}